ID,Country,Name,Classification,Grade,Type,Dates,Description
ocr_grand_cross,Romania,Order of the Crown,Royal Order,Grand Cross Set,1,1881-1932,"The Order of the Crown of Romania was instituted on March 14, 1881 by King Carol I and was awarded for outstanding service to the Kingdom.  The Order was awarded primarily to government officials and to military officers. It was created in five grades: Knight, Officer, Commander, Great Officer, and Grand Cross.   The order was disbanded in 1947 after King Michael was forced to abdicate his throne after the Soviet occupation of Romania.
 The medal  consists of a red enameled maltese cross bordered in white.  The center medallion is also enameled in red outlined in white.   Around the edge of the center medallion is written; ""PRIN NOI INSINE"" (translation: By ourselves), and the date the order was instituted, ""14 MARTIE 1881"".  The reverse has the inscription; ""10 Maiu"" in the center of the medallion.  Around the edges are the dates 1866 - 1877 - 1881.  The historical significance of the dates are as follows: 1866- Year King Carol I was crowned, 1877- Year of Romanian independence, 1881- Year the Order was instituted. 

The various grades of the order were differentiated by the size of the crosses.  The cross for the Knight and Officer Grades measure 40 mm across.  The Commander and Great Officer grades measure 50 mm, while the Grand Cross measures 65 mm across.  The Great Officer and Grand Cross grades also included a breast star which was worn on the left breast.  The star for the Great Officer measures 65 mm in diameter, and star for the Grand Cross measures 75 mm in diameter.

In addition to the size of the cross, the grades of the order were differentiated by the way in which the insignia was worn.  The Knight's cross was made in silver and worn as a breast badge on the left chest, suspended by a length of ribbon.  The Officer grade was made in silver gilt, and included the addition of a rosette to the ribbon.  The Commander's cross and the Great Officer's cross were worn suspended from the neck.  The Grand Cross was worn as a sash, and  the cross itself was suspended from a bow on the wearer's right hip

The Order of the Crown of Romania exists in two types. 
 
Type I (1881-1932)
Type I of the Order is distinguished by the monogram of Carol I between the arms of the cross, and by his crown on the central medallion.  The type I was instituted in 5 grades and could be awarded with swords to signify military merit in peace, or bravery in war. An award without swords indicated civil service.

The ribbon of the type I medal is blue with a 6 mm silver stripe set 3 mm from each side.  The officer grade includes the addition of a blue and silver rosette on the ribbon.
 
Type II (1932-1947)
Type II of the Order differs from the Type I in that the central crown and the monogram are reversed.  That is the crown was moved and is between the arms of the cross, and the monogram of Carol II was moved to the central medallion.

In 1938, a separate 'Military' division of the order was created.  Awards of the military division contained the addition of a surmounted crown, and swords between the arms of the cross.

The ribbon of the type II award is blue with a single central white stripe.  On the Knight and Officer's badge, the ribbon is 40 mm wide with a 7 mm central stripe.  During times of war gold stripes were added to the edges of the ribbon.  In instances when the Order was awarded for bravery, the ribbon of the medal of 'Military Virtue' was substituted.  This ribbon was red, bordered on each edge with 5 mm light blue stripes.  The 'Military Virtue' ribbon was authorized only for the Knight and Officer grades of the order.
 
There are 29 variations of the Order."
ocr_great_officer,Romania,Order of the Crown,Royal Order,Great Officer,1,1881-1932,"The Order of the Crown of Romania was instituted on March 14, 1881 by King Carol I and was awarded for outstanding service to the Kingdom.  The Order was awarded primarily to government officials and to military officers. It was created in five grades: Knight, Officer, Commander, Great Officer, and Grand Cross.   The order was disbanded in 1947 after King Michael was forced to abdicate his throne after the Soviet occupation of Romania.
 The medal  consists of a red enameled maltese cross bordered in white.  The center medallion is also enameled in red outlined in white.   Around the edge of the center medallion is written; ""PRIN NOI INSINE"" (translation: By ourselves), and the date the order was instituted, ""14 MARTIE 1881"".  The reverse has the inscription; ""10 Maiu"" in the center of the medallion.  Around the edges are the dates 1866 - 1877 - 1881.  The historical significance of the dates are as follows: 1866- Year King Carol I was crowned, 1877- Year of Romanian independence, 1881- Year the Order was instituted. 

The various grades of the order were differentiated by the size of the crosses.  The cross for the Knight and Officer Grades measure 40 mm across.  The Commander and Great Officer grades measure 50 mm, while the Grand Cross measures 65 mm across.  The Great Officer and Grand Cross grades also included a breast star which was worn on the left breast.  The star for the Great Officer measures 65 mm in diameter, and star for the Grand Cross measures 75 mm in diameter.

In addition to the size of the cross, the grades of the order were differentiated by the way in which the insignia was worn.  The Knight's cross was made in silver and worn as a breast badge on the left chest, suspended by a length of ribbon.  The Officer grade was made in silver gilt, and included the addition of a rosette to the ribbon.  The Commander's cross and the Great Officer's cross were worn suspended from the neck.  The Grand Cross was worn as a sash, and  the cross itself was suspended from a bow on the wearer's right hip

The Order of the Crown of Romania exists in two types. 
 
Type I (1881-1932)
Type I of the Order is distinguished by the monogram of Carol I between the arms of the cross, and by his crown on the central medallion.  The type I was instituted in 5 grades and could be awarded with swords to signify military merit in peace, or bravery in war. An award without swords indicated civil service.

The ribbon of the type I medal is blue with a 6 mm silver stripe set 3 mm from each side.  The officer grade includes the addition of a blue and silver rosette on the ribbon.
 
Type II (1932-1947)
Type II of the Order differs from the Type I in that the central crown and the monogram are reversed.  That is the crown was moved and is between the arms of the cross, and the monogram of Carol II was moved to the central medallion.

In 1938, a separate 'Military' division of the order was created.  Awards of the military division contained the addition of a surmounted crown, and swords between the arms of the cross.

The ribbon of the type II award is blue with a single central white stripe.  On the Knight and Officer's badge, the ribbon is 40 mm wide with a 7 mm central stripe.  During times of war gold stripes were added to the edges of the ribbon.  In instances when the Order was awarded for bravery, the ribbon of the medal of 'Military Virtue' was substituted.  This ribbon was red, bordered on each edge with 5 mm light blue stripes.  The 'Military Virtue' ribbon was authorized only for the Knight and Officer grades of the order.
 
There are 29 variations of the Order."
ocr_commander,Romania,Order of the Crown,Royal Order,Commander,1,1881-1932,"The Order of the Crown of Romania was instituted on March 14, 1881 by King Carol I and was awarded for outstanding service to the Kingdom.  The Order was awarded primarily to government officials and to military officers. It was created in five grades: Knight, Officer, Commander, Great Officer, and Grand Cross.   The order was disbanded in 1947 after King Michael was forced to abdicate his throne after the Soviet occupation of Romania.
 The medal  consists of a red enameled maltese cross bordered in white.  The center medallion is also enameled in red outlined in white.   Around the edge of the center medallion is written; ""PRIN NOI INSINE"" (translation: By ourselves), and the date the order was instituted, ""14 MARTIE 1881"".  The reverse has the inscription; ""10 Maiu"" in the center of the medallion.  Around the edges are the dates 1866 - 1877 - 1881.  The historical significance of the dates are as follows: 1866- Year King Carol I was crowned, 1877- Year of Romanian independence, 1881- Year the Order was instituted. 

The various grades of the order were differentiated by the size of the crosses.  The cross for the Knight and Officer Grades measure 40 mm across.  The Commander and Great Officer grades measure 50 mm, while the Grand Cross measures 65 mm across.  The Great Officer and Grand Cross grades also included a breast star which was worn on the left breast.  The star for the Great Officer measures 65 mm in diameter, and star for the Grand Cross measures 75 mm in diameter.

In addition to the size of the cross, the grades of the order were differentiated by the way in which the insignia was worn.  The Knight's cross was made in silver and worn as a breast badge on the left chest, suspended by a length of ribbon.  The Officer grade was made in silver gilt, and included the addition of a rosette to the ribbon.  The Commander's cross and the Great Officer's cross were worn suspended from the neck.  The Grand Cross was worn as a sash, and  the cross itself was suspended from a bow on the wearer's right hip

The Order of the Crown of Romania exists in two types. 
 
Type I (1881-1932)
Type I of the Order is distinguished by the monogram of Carol I between the arms of the cross, and by his crown on the central medallion.  The type I was instituted in 5 grades and could be awarded with swords to signify military merit in peace, or bravery in war. An award without swords indicated civil service.

The ribbon of the type I medal is blue with a 6 mm silver stripe set 3 mm from each side.  The officer grade includes the addition of a blue and silver rosette on the ribbon.
 
Type II (1932-1947)
Type II of the Order differs from the Type I in that the central crown and the monogram are reversed.  That is the crown was moved and is between the arms of the cross, and the monogram of Carol II was moved to the central medallion.

In 1938, a separate 'Military' division of the order was created.  Awards of the military division contained the addition of a surmounted crown, and swords between the arms of the cross.

The ribbon of the type II award is blue with a single central white stripe.  On the Knight and Officer's badge, the ribbon is 40 mm wide with a 7 mm central stripe.  During times of war gold stripes were added to the edges of the ribbon.  In instances when the Order was awarded for bravery, the ribbon of the medal of 'Military Virtue' was substituted.  This ribbon was red, bordered on each edge with 5 mm light blue stripes.  The 'Military Virtue' ribbon was authorized only for the Knight and Officer grades of the order.
 
There are 29 variations of the Order."
ocr_officer,Romania,Order of the Crown,Royal Order,Officer,1,1881-1932,"The Order of the Crown of Romania was instituted on March 14, 1881 by King Carol I and was awarded for outstanding service to the Kingdom.  The Order was awarded primarily to government officials and to military officers. It was created in five grades: Knight, Officer, Commander, Great Officer, and Grand Cross.   The order was disbanded in 1947 after King Michael was forced to abdicate his throne after the Soviet occupation of Romania.
 The medal  consists of a red enameled maltese cross bordered in white.  The center medallion is also enameled in red outlined in white.   Around the edge of the center medallion is written; ""PRIN NOI INSINE"" (translation: By ourselves), and the date the order was instituted, ""14 MARTIE 1881"".  The reverse has the inscription; ""10 Maiu"" in the center of the medallion.  Around the edges are the dates 1866 - 1877 - 1881.  The historical significance of the dates are as follows: 1866- Year King Carol I was crowned, 1877- Year of Romanian independence, 1881- Year the Order was instituted. 

The various grades of the order were differentiated by the size of the crosses.  The cross for the Knight and Officer Grades measure 40 mm across.  The Commander and Great Officer grades measure 50 mm, while the Grand Cross measures 65 mm across.  The Great Officer and Grand Cross grades also included a breast star which was worn on the left breast.  The star for the Great Officer measures 65 mm in diameter, and star for the Grand Cross measures 75 mm in diameter.

In addition to the size of the cross, the grades of the order were differentiated by the way in which the insignia was worn.  The Knight's cross was made in silver and worn as a breast badge on the left chest, suspended by a length of ribbon.  The Officer grade was made in silver gilt, and included the addition of a rosette to the ribbon.  The Commander's cross and the Great Officer's cross were worn suspended from the neck.  The Grand Cross was worn as a sash, and  the cross itself was suspended from a bow on the wearer's right hip

The Order of the Crown of Romania exists in two types. 
 
Type I (1881-1932)
Type I of the Order is distinguished by the monogram of Carol I between the arms of the cross, and by his crown on the central medallion.  The type I was instituted in 5 grades and could be awarded with swords to signify military merit in peace, or bravery in war. An award without swords indicated civil service.

The ribbon of the type I medal is blue with a 6 mm silver stripe set 3 mm from each side.  The officer grade includes the addition of a blue and silver rosette on the ribbon.
 
Type II (1932-1947)
Type II of the Order differs from the Type I in that the central crown and the monogram are reversed.  That is the crown was moved and is between the arms of the cross, and the monogram of Carol II was moved to the central medallion.

In 1938, a separate 'Military' division of the order was created.  Awards of the military division contained the addition of a surmounted crown, and swords between the arms of the cross.

The ribbon of the type II award is blue with a single central white stripe.  On the Knight and Officer's badge, the ribbon is 40 mm wide with a 7 mm central stripe.  During times of war gold stripes were added to the edges of the ribbon.  In instances when the Order was awarded for bravery, the ribbon of the medal of 'Military Virtue' was substituted.  This ribbon was red, bordered on each edge with 5 mm light blue stripes.  The 'Military Virtue' ribbon was authorized only for the Knight and Officer grades of the order.
 
There are 29 variations of the Order."
ocr_knight,Romania,Order of the Crown,Royal Order,Knight,1,1881-1932,"The Order of the Crown of Romania was instituted on March 14, 1881 by King Carol I and was awarded for outstanding service to the Kingdom.  The Order was awarded primarily to government officials and to military officers. It was created in five grades: Knight, Officer, Commander, Great Officer, and Grand Cross.   The order was disbanded in 1947 after King Michael was forced to abdicate his throne after the Soviet occupation of Romania.
 The medal  consists of a red enameled maltese cross bordered in white.  The center medallion is also enameled in red outlined in white.   Around the edge of the center medallion is written; ""PRIN NOI INSINE"" (translation: By ourselves), and the date the order was instituted, ""14 MARTIE 1881"".  The reverse has the inscription; ""10 Maiu"" in the center of the medallion.  Around the edges are the dates 1866 - 1877 - 1881.  The historical significance of the dates are as follows: 1866- Year King Carol I was crowned, 1877- Year of Romanian independence, 1881- Year the Order was instituted. 

The various grades of the order were differentiated by the size of the crosses.  The cross for the Knight and Officer Grades measure 40 mm across.  The Commander and Great Officer grades measure 50 mm, while the Grand Cross measures 65 mm across.  The Great Officer and Grand Cross grades also included a breast star which was worn on the left breast.  The star for the Great Officer measures 65 mm in diameter, and star for the Grand Cross measures 75 mm in diameter.

In addition to the size of the cross, the grades of the order were differentiated by the way in which the insignia was worn.  The Knight's cross was made in silver and worn as a breast badge on the left chest, suspended by a length of ribbon.  The Officer grade was made in silver gilt, and included the addition of a rosette to the ribbon.  The Commander's cross and the Great Officer's cross were worn suspended from the neck.  The Grand Cross was worn as a sash, and  the cross itself was suspended from a bow on the wearer's right hip

The Order of the Crown of Romania exists in two types. 
 
Type I (1881-1932)
Type I of the Order is distinguished by the monogram of Carol I between the arms of the cross, and by his crown on the central medallion.  The type I was instituted in 5 grades and could be awarded with swords to signify military merit in peace, or bravery in war. An award without swords indicated civil service.

The ribbon of the type I medal is blue with a 6 mm silver stripe set 3 mm from each side.  The officer grade includes the addition of a blue and silver rosette on the ribbon.
 
Type II (1932-1947)
Type II of the Order differs from the Type I in that the central crown and the monogram are reversed.  That is the crown was moved and is between the arms of the cross, and the monogram of Carol II was moved to the central medallion.

In 1938, a separate 'Military' division of the order was created.  Awards of the military division contained the addition of a surmounted crown, and swords between the arms of the cross.

The ribbon of the type II award is blue with a single central white stripe.  On the Knight and Officer's badge, the ribbon is 40 mm wide with a 7 mm central stripe.  During times of war gold stripes were added to the edges of the ribbon.  In instances when the Order was awarded for bravery, the ribbon of the medal of 'Military Virtue' was substituted.  This ribbon was red, bordered on each edge with 5 mm light blue stripes.  The 'Military Virtue' ribbon was authorized only for the Knight and Officer grades of the order.
 
There are 29 variations of the Order."
ocr_knight2,Romania,Order of the Crown,Royal Order,Knight,2,1932-1947,"The Order of the Crown of Romania was instituted on March 14, 1881 by King Carol I and was awarded for outstanding service to the Kingdom.  The Order was awarded primarily to government officials and to military officers. It was created in five grades: Knight, Officer, Commander, Great Officer, and Grand Cross.   The order was disbanded in 1947 after King Michael was forced to abdicate his throne after the Soviet occupation of Romania.
 The medal  consists of a red enameled maltese cross bordered in white.  The center medallion is also enameled in red outlined in white.   Around the edge of the center medallion is written; ""PRIN NOI INSINE"" (translation: By ourselves), and the date the order was instituted, ""14 MARTIE 1881"".  The reverse has the inscription; ""10 Maiu"" in the center of the medallion.  Around the edges are the dates 1866 - 1877 - 1881.  The historical significance of the dates are as follows: 1866- Year King Carol I was crowned, 1877- Year of Romanian independence, 1881- Year the Order was instituted. 

The various grades of the order were differentiated by the size of the crosses.  The cross for the Knight and Officer Grades measure 40 mm across.  The Commander and Great Officer grades measure 50 mm, while the Grand Cross measures 65 mm across.  The Great Officer and Grand Cross grades also included a breast star which was worn on the left breast.  The star for the Great Officer measures 65 mm in diameter, and star for the Grand Cross measures 75 mm in diameter.

In addition to the size of the cross, the grades of the order were differentiated by the way in which the insignia was worn.  The Knight's cross was made in silver and worn as a breast badge on the left chest, suspended by a length of ribbon.  The Officer grade was made in silver gilt, and included the addition of a rosette to the ribbon.  The Commander's cross and the Great Officer's cross were worn suspended from the neck.  The Grand Cross was worn as a sash, and  the cross itself was suspended from a bow on the wearer's right hip

The Order of the Crown of Romania exists in two types. 
 
Type I (1881-1932)
Type I of the Order is distinguished by the monogram of Carol I between the arms of the cross, and by his crown on the central medallion.  The type I was instituted in 5 grades and could be awarded with swords to signify military merit in peace, or bravery in war. An award without swords indicated civil service.

The ribbon of the type I medal is blue with a 6 mm silver stripe set 3 mm from each side.  The officer grade includes the addition of a blue and silver rosette on the ribbon.
 
Type II (1932-1947)
Type II of the Order differs from the Type I in that the central crown and the monogram are reversed.  That is the crown was moved and is between the arms of the cross, and the monogram of Carol II was moved to the central medallion.

In 1938, a separate 'Military' division of the order was created.  Awards of the military division contained the addition of a surmounted crown, and swords between the arms of the cross.

The ribbon of the type II award is blue with a single central white stripe.  On the Knight and Officer's badge, the ribbon is 40 mm wide with a 7 mm central stripe.  During times of war gold stripes were added to the edges of the ribbon.  In instances when the Order was awarded for bravery, the ribbon of the medal of 'Military Virtue' was substituted.  This ribbon was red, bordered on each edge with 5 mm light blue stripes.  The 'Military Virtue' ribbon was authorized only for the Knight and Officer grades of the order.
 
There are 29 variations of the Order."
ferdinand,Romania,Medal of Ferdinand I,Medal,,,1929-194,"The medal of Ferdinand I was instituted on 10 May, 1929 under the same regulations which founded the Order of Ferdinand I.  The medal was used to award merit in the ""uniting of all Romanians into a single state.""   In practice, it seems that most soldiers who participated in the First World War (and previous conflicts) and were still in military service were awarded this medal.  The medal is a bronze medallion surmounted by a crown.  Its obverse displays the effegy of King Ferdinand I of Romania.  Around the bust, is written in raised lettering. ""FERDINAND I REGE AL ROMANIEI"".

This is translated to English as, ""Ferdinand I King of the Romanians"".

Above the medallion is the Romanian crown.  The reverse of the medal depicts the cross of Ferdinand and the dates of his rule; 1914 to 1927.

The ribbon is navy blue with a central stripe of dark red or purple.  Crossed swords could be authorized for military recipients."
carol_cent,Romania,Carol I Centennial Medal,Medal,,,1939,"The King Carol I Centennial Medal ( Medalia ""Centenaurul Regelui Carol I"") was instituted by Royal Decree No. 1915 on May 5, 1939. It was awarded to military and civilians, or those who had been conferred the order ""Michael the Brave"" or the medal for ""Military Virtue"" and to the civil servants in the Ministry of the National Defense. Persons awarded this medal for their contribution to the army equipping fund also received a bar on the ribbon, bearing the inscription ""Pro Patria"".  The example above has original 1938-47 style ribbon with Pro-Patria Bar. The medal is uncleaned and in great condition with the only damage (slight) on the bottom left edge of the medal. It looks as if it was dropped on a hard surface and was consequently marred. You can barely made it out looking on the bottom right side of the reverse scan.

An interesting note is that this medal has different castings. On medal #1 above, the artist's name is shown as ""W BECKER"" and as ""EW BECKER"" on the medal below. The medal below has the seal of King Michael just to the right of the horse's left rear hoof below the artist's name. The other casting does not have this seal, but has two initials ""MN"" on the 'ground' in front of the horse that are not present on the medal above.

The difference is that one was awarded to members of the military, and the other to civil workers in the service of the King. Unfortunatly, at this point I do not know which version was awarded to whom."
air_medal,United States,Air Medal,Medal,,Slot Brooch,1942,"The Air Medal was authorized by President Roosevelt by Executive Order 9158, dated 11 May 1942, and established the award for ""any person who, while serving in any capacity in the Army, Navy, Marine Corps or Coast Guard of the United States subsequent to September 8, 1939, distinguishes, or has distinguished, himself by meritorious achievement while participating in an aerial flight."" Authorization was announced in War Department Bulletin No. 25, dated 25 May 1942. Executive Order 9242-A, dated 11 September 1942 amended the previous Executive Order to read ""in any capacity in or with the Army.""
The medal consists of a bronze compass rose 1 11/16 inches circumscribing diameter and charged with an eagle volant carrying two lightning flashes in its talons. A fleur-de-lis at the top point holds the suspension ring. The points of the compass rose on the reverse are modeled with the central portion plain for engraving the name of the recipient.

The ribbon is 1 3/8 inches wide and consists of a 1/8 inch ultramarine blue 67118; ¼ inch golden orange; center 5/8 inch ultramarine blue; ¼ inch golden orange; and 1/8 inch ultramarine blue.

Criteria: The Air Medal is awarded to any person who, while serving in any capacity in or with the armed forces of the United States, shall have distinguished himself by meritorious achievement while participating in aerial flight. Awards may be made to recognize single acts of merit or heroism or for meritorious service. Award of the Air Medal is primarily intended to recognize those personnel who are on current crew member or non-crew member flying status which requires them to participate in aerial flight on a regular and frequent basis in the performance of their primary duties. However, it may also be awarded to certain other individuals whose combat duties require regular and frequent flying in other than a passenger status or individuals who perform a particularly noteworthy act while performing the function of a crew member but who are not on flying status. These individuals must make a discernible contribution to the operational land combat mission or to the mission of the aircraft in flight. Examples of personnel whose combat duties require them to fly include those in the attack elements of units involved in air-land assaults against an armed enemy and those directly involved in airborne command and control of combat operations. Involvement in such activities, normally at the brigade/group level and below, serves only to establish eligibility for award of the Air Medal; the degree of heroism, meritorious achievement or exemplary service determines who should receive the award. Awards will not be made to individuals who use air transportation solely for the purpose of moving from point to point in a combat zone.
 

Reference:
Foster, Frank and Lawrence Borts.  US Military Medals 1939 to Present.MOA Press, 3rd Edition, 1995.
ISBN: 1-884452-13-12

Borthick, David and Jack Britton.  Medals, Military and Civilian of the United States.  MCN Press, 1984.
ISBN: 0-912958-25-1"
